{
	"prefix": "ai-brand",
	"info": {
		"name": "Aisera Icons Brand",
		"author": {
			"name": "Aisera"
		},
		"license": {
			"title": "Private"
		},
		"height": 32,
		"total": 1
	},
	"lastModified": 1746334954,
	"icons": {
		"logo": {
			"body": "<g fill=\"none\"><path fill=\"url(#svgID0)\" fill-rule=\"evenodd\" d=\"M27.22 0h3.528v19.732H27.22zM16.5 28.508q3.53 0 6.936-1.13a23.5 23.5 0 006.261-3.156l1.862 2.84c-2.148 1.557-4.501 2.759-7.059 3.634a24.8 24.8 0 01-8 1.303c-2.779 0-5.445-.438-8-1.303a26.3 26.3 0 01-7.059-3.634l1.862-2.84a23.5 23.5 0 006.261 3.156q3.407 1.13 6.936 1.13m1.901-8.776L12.294 4.185 6.187 19.732H2.248L10.872 0h2.844l8.624 19.732z\" clip-rule=\"evenodd\"/><defs><linearGradient id=\"svgID0\" x1=\"-3.458\" x2=\"36.072\" y1=\"4.016\" y2=\"34.505\" gradientUnits=\"userSpaceOnUse\"><stop stop-color=\"currentColor\"/><stop offset=\".516\" stop-color=\"currentColor\"/><stop offset=\"1\" stop-color=\"currentColor\"/></linearGradient></defs></g>",
			"width": 33,
			"height": 32
		}
	}
}