{
  "consumer": {
    "name": "MF-App2 Consumer"
  },
  "interactions": [
    {
      "description": "A request to get all entities",
      "providerState": "Checking demo entities",
      "request": {
        "method": "GET",
        "path": "/demo/all"
      },
      "response": {
        "body": [
          {
            "firstName": "firstName0",
            "id": 0,
            "lastName": "lastName0",
            "userName": "userName0"
          },
          {
            "firstName": "firstName1",
            "id": 1,
            "lastName": "lastName1",
            "userName": "userName1"
          }
        ],
        "headers": {
          "Content-Type": "application/json"
        },
        "matchingRules": {
          "$.body": {
            "match": "type"
          }
        },
        "status": 200
      }
    }
  ],
  "metadata": {
    "pact-js": {
      "version": "12.4.0"
    },
    "pactRust": {
      "ffi": "0.4.16",
      "models": "1.1.19"
    },
    "pactSpecification": {
      "version": "2.0.0"
    }
  },
  "provider": {
    "name": "MF-App2 Provider"
  }
}